id;name;description;image;min_price;status;created_at;updated_at;deleted_at
1;Chuyển nhà;;;80000;1;2019-12-03T13:14:15;2019-12-03T19:27:32;
2;Lắp ráp nội thất;;;70000;1;2019-12-03T13:14:15;2019-12-03T19:27:32;
3;Làm mộc;;;30000;1;2019-12-03T13:14:15;2019-12-03T19:27:32;
4;Sửa chữa điện;;;100000;1;2019-12-03T13:14:15;2019-12-03T19:27:32;
5;Quét dọn;;;30000;1;2019-12-03T13:14:15;2019-12-03T19:27:32;
6;Mang vác nặng;;;40000;1;2019-12-03T13:14:15;2019-12-03T19:27:32;
7;Giao hàng;;;10000;1;2019-12-03T13:14:15;2019-12-03T19:27:32;
8;Xếp hàng đợi;;;40000;1;2019-12-03T13:14:15;2019-12-03T19:27:32;
9;Mua hàng hộ;;;30000;1;2019-12-03T13:14:15;2019-12-03T19:27:32;
